Sentiment,PCT,BMCT,OT
1.462754301115588,0.8674288855899466,0.008532612117385652,0.24473858252303415
1.1456480882388576,0.8580425345098508,0.016670950870520063,0.25396535393194064
0.3345690733504938,0.835685607285745,0.040526687028818564,0.27388329475459194
1.622092256801274,0.8661906553932344,0.07389618098437811,0.2155796529251539
1.740124628906024,0.850937252653269,0.03315455153809821,0.2561106945413538
1.934569073350474,0.9102578342476768,0.014404377066482565,0.18238352799295932
0.9945690733504833,0.8923151438232946,0.012539501859839097,0.2082219392607918
1.7927512900355893,0.8706451980907381,0.015166277634461656,0.23714177034923267
1.1487489675303735,0.8457666391449834,0.01474224802091717,0.2719534908226393
