Sentiment,PCT,BMCT,OT
1.4749004,0.9503075,-0.0135260075,0.2451215
1.4980565,0.96790254,-0.014433529,0.24280281
1.5205432,0.98482335,-0.015258147,0.24050888
1.5418098,1.0005394,-0.015905928,0.23830397
1.5614378,1.0146497,-0.016303191,0.23622711
1.5791638,1.0269092,-0.016408356,0.23429516
1.5948752,1.0372298,-0.016214542,0.23250967
1.6085855,1.0456498,-0.015744664,0.23086372
1.6204002,1.0523021,-0.015042889,0.22934695
