Sentiment,PCT,BMCT,OT
1.5179921,0.91999805,-0.0010108426,0.24727897
1.5433958,0.934254,-3.244728e-05,0.25108573
1.5685977,0.94867384,0.0008350536,0.25495058
1.5929356,0.9627301,0.0016906988,0.25875098
1.6158586,0.97598606,0.0026291981,0.26236662
1.6369714,0.9881343,0.0037248656,0.26569587
1.6560454,0.99900407,0.0050236564,0.2686658
1.6730043,1.0085435,0.0065413173,0.27123505
1.6878891,1.0167899,0.0082684755,0.27339202
