Sentiment,PCT,BMCT,OT
1.0714285714285714,0.8729298964583364,0.00885365421291137,0.23695848056154414
1.0555555555555556,0.8312060549707976,0.014441903311132894,0.2923789828236023
0.0,0.829826980429281,0.03590312822970953,0.28419178037506676
1.0,0.8925753056143242,0.06288305371782199,0.18362507922704538
1.8055555555555556,0.8643670814626492,0.03052140934449228,0.2386690368945246
1.9444444444444444,0.9254288288326524,0.012298208364394722,0.16229268993909682
0.9,0.8868376188417901,0.010116117119443898,0.21701364875748
2.0,0.858610347529828,0.013953419494611553,0.2544803674396916
1.6,0.8324515865541783,0.013626512900543458,0.2910299895680726
